query_mass,compound_id,compound_name,formula,monoisotopic_mass,adduct,adduct_type,adduct_m/z,"delta(ppm),",ccs_value
341.1957448,HMDB0256371,Prostaglandin F-main urinary metabolite,C18H30O6,342.204238686,M-H,-,341.196963,4,181.485
341.1957448,HMDB0245383,"2,3-Dinor-6,15-dioxo-13,14-dihydroprostaglandin F1alpha",C18H30O6,342.204238686,M-H,-,341.196963,4,186.4865
341.1957448,HMDB0062618,"2,3-dinor-6-oxoprostaglandin F1alpha",C18H30O6,342.204238686,M-H,-,341.196963,4,185.963
341.1957448,HMDB0245411,"(Z)-5-((2R,3S,4S,6R)-4,6-Dihydroxy-2-((S,E)-3-hydroxyoct-1-enyl)tetrahydro-2H-pyran-3-yl)pent-3-enoic acid",C18H30O6,342.204238686,M-H,-,341.196963,4,183.047
341.1957448,HMDB0061154,Monic acid,C18H30O6,342.204238692,M-H,-,341.196963,4,183.94766666666663
341.1957448,HMDB0038940,"(-)-11-Hydroxy-9,15,16-trioxooctadecanoic acid",C18H30O6,342.204238692,M-H,-,341.196963,4,184.877
341.1957448,HMDB0002904,"2,3-Dinor-TXB2",C18H30O6,342.204238692,M-H,-,341.196963,4,188.281
341.1957448,HMDB0002277,"2,3-Dinor-6-keto-prostaglandin F1 a",C18H30O6,342.204238692,M-H,-,341.196963,4,188.7263333333333
