query_mass,compound_id,compound_name,formula,monoisotopic_mass,adduct,adduct_type,adduct_m/z,"delta(ppm),",ccs_value
428.0362318,HMDB0248820,Zidovudine diphosphate,C10H15N5O10P2,427.029415699,M+H,+,428.036692,1,180.231
428.0362318,HMDB0247869,"[(2S,3R,4R,5R)-5-(6-Aminopurin-9-yl)-3,4-dihydroxyoxolan-2-yl]methyl phosphono hydrogen phosphate",C10H15N5O10P2,427.029414749,M+H,+,428.036691,1,188.7
428.0362318,HMDB0001341,ADP,C10H15N5O10P2,427.029414749,M+H,+,428.036691,1,179.44449999999998
428.0362318,HMDB0000960,dGDP,C10H15N5O10P2,427.029414749,M+H,+,428.036691,1,183.3054
428.0362318,HMDB0000061,"Adenosine 3',5'-diphosphate",C10H15N5O10P2,427.029414749,M+H,+,428.036691,1,184.3404
