query_mass,compound_id,compound_name,formula,monoisotopic_mass,adduct,adduct_type,adduct_m/z,"delta(ppm),",ccs_value
360.1040862,HMDB0254503,Metampicillin,C17H19N3O4S,361.109627278,M-H,-,360.102351,5,183.605
360.1040862,HMDB0014013,3-Hydroxyomeprazole,C17H19N3O4S,361.109626801,M-H,-,360.102351,5,183.319
360.1040862,HMDB0014010,5-Hydroxyomeprazole,C17H19N3O4S,361.109626801,M-H,-,360.102351,5,183.55133333333333
360.1040862,HMDB0014012,Omeprazole sulfone,C17H19N3O4S,361.109626801,M-H,-,360.102351,5,183.551
