query_mass,compound_id,compound_name,formula,monoisotopic_mass,adduct,adduct_type,adduct_m/z,"delta(ppm),",ccs_value
293.1763735,HMDB0251767,Embelin,C17H26O4,294.18310932,M-H,-,293.175833,2,176.513
293.1763735,HMDB0040646,Myrsinone,C17H26O4,294.18310932,M-H,-,293.175833,2,175.07133333333334
293.1763735,HMDB0035754,Phytuberin,C17H26O4,294.18310932,M-H,-,293.175833,2,170.7475
293.1763735,HMDB0035722,Tanacetol A,C17H26O4,294.18310932,M-H,-,293.175833,2,170.35133333333332
293.1763735,HMDB0034779,Nordihydrocapsiate,C17H26O4,294.18310932,M-H,-,293.175833,2,176.31333333333336
293.1763735,HMDB0005783,Gingerol,C17H26O4,294.18310932,M-H,-,293.175833,2,176.22299999999998
