query_mass,compound_id,compound_name,formula,monoisotopic_mass,adduct,adduct_type,adduct_m/z,"delta(ppm),",ccs_value
243.1951626,HMDB0340788,(2E)-4-hydroxytetradec-2-enoic acid,C14H26O3,242.188194697,M+H,+,243.195471,1,
243.1951626,HMDB0340787,(5E)-8-hydroxytetradec-5-enoic acid,C14H26O3,242.188194697,M+H,+,243.195471,1,
243.1951626,HMDB0340786,(3Z)-5-hydroxytetradec-3-enoic acid,C14H26O3,242.188194697,M+H,+,243.195471,1,
243.1951626,HMDB0340785,(12E)-10-hydroxytetradec-12-enoic acid,C14H26O3,242.188194697,M+H,+,243.195471,1,
243.1951626,HMDB0340784,(6Z)-9-hydroxytetradec-6-enoic acid,C14H26O3,242.188194697,M+H,+,243.195471,1,
243.1951626,HMDB0032370,"L-Menthyl (R,S)-3-hydroxybutyrate",C14H26O3,242.188194698,M+H,+,243.195471,1,160.43333333333334
243.1951626,HMDB0030982,6-Ketomyristic acid,C14H26O3,242.188194698,M+H,+,243.195471,1,163.702
243.1951626,HMDB0010730,3-Oxotetradecanoic acid,C14H26O3,242.188194698,M+H,+,243.195471,1,163.144
