query_mass,compound_id,compound_name,formula,monoisotopic_mass,adduct,adduct_type,adduct_m/z,"delta(ppm),",ccs_value
203.0822913,HMDB0253375,Idazoxan,C11H12N2O2,204.089877634,M-H,-,203.082602,2,143.082
203.0822913,HMDB0060967,S-nirvanol,C11H12N2O2,204.089877638,M-H,-,203.082602,2,144.87866666666667
203.0822913,HMDB0060878,4-Hydroxyantipyrine,C11H12N2O2,204.089877638,M-H,-,203.082602,2,143.896
203.0822913,HMDB0060533,Nirvanol,C11H12N2O2,204.089877638,M-H,-,203.082602,2,147.68033333333332
203.0822913,HMDB0013840,3-Hydroxymethylantipyrine,C11H12N2O2,204.089877638,M-H,-,203.082602,2,143.917
203.0822913,HMDB0013609,D-Tryptophan,C11H12N2O2,204.089877638,M-H,-,203.082602,2,144.68333333333334
203.0822913,HMDB0030396,(±)-Tryptophan,C11H12N2O2,204.089877638,M-H,-,203.082602,2,142.08433333333332
203.0822913,HMDB0014892,Ethotoin,C11H12N2O2,204.089877638,M-H,-,203.082602,2,146.05066666666667
203.0822913,HMDB0000929,L-Tryptophan,C11H12N2O2,204.089877638,M-H,-,203.082602,2,149.11514285714287
