query_mass,compound_id,compound_name,formula,monoisotopic_mass,adduct,adduct_type,adduct_m/z,"delta(ppm),",ccs_value
204.1228179,HMDB0252807,Glutamic acid diethyl ester,C9H17NO4,203.115758031,M+H,+,204.123034,1,147.0655
204.1228179,HMDB0242158,1-Carboxyethylisoleucine,C9H17NO4,203.115758031,M+H,+,204.123034,1,149.817
204.1228179,HMDB0240626,1-Carboxyethylleucine,C9H17NO4,203.115758031,M+H,+,204.123034,1,148.794
204.1228179,HMDB0240771,Acetyl-D-carnitine,C9H17NO4,203.115758031,M+H,+,204.123034,1,135.0005
204.1228179,HMDB0000201,L-Acetylcarnitine,C9H17NO4,203.115758031,M+H,+,204.123034,1,144.9365
204.1228179,HMDB0062176,N-Lactoylleucine,C9H17NO4,203.115758031,M+H,+,204.123034,1,149.6795
204.1228179,HMDB0240773,DL-Acetylcarnitine,C9H17NO4,203.115758037,M+H,+,204.123034,1,146.5265
