query_mass,compound_id,compound_name,formula,monoisotopic_mass,adduct,adduct_type,adduct_m/z,"delta(ppm),",ccs_value
123.0554672,HMDB0253663,Isonicotinamide,C6H6N2O,122.048012821,M+H,+,123.055289,1,125.251
123.0554672,HMDB0256533,Picolinamide,C6H6N2O,122.048012821,M+H,+,123.055289,1,123.426
123.0554672,HMDB0031861,2-Acetylpyrazine,C6H6N2O,122.048012824,M+H,+,123.055289,1,123.99433333333332
123.0554672,HMDB0001406,Niacinamide,C6H6N2O,122.048012824,M+H,+,123.055289,1,126.3585
