query_mass,compound_id,compound_name,formula,monoisotopic_mass,adduct,adduct_type,adduct_m/z,"delta(ppm),",ccs_value
161.1073218,HMDB0248374,Anabaseine,C10H12N2,160.100048394,M+H,+,161.107324,0,135.3575
161.1073218,HMDB0038456,N-Norgramine,C10H12N2,160.100048394,M+H,+,161.107324,0,134.6055
161.1073218,HMDB0004476,Anatabine,C10H12N2,160.100048394,M+H,+,161.107324,0,136.17633333333333
161.1073218,HMDB0001010,Nicotine imine,C10H13N2,161.107873426,M+H,+,161.107873,3,133.54333333333332
161.1073218,HMDB0000303,Tryptamine,C10H12N2,160.100048394,M+H,+,161.107324,0,133.49
161.1073218,HMDB0014935,Tolazoline,C10H12N2,160.100048394,M+H,+,161.107324,0,134.35
